particles, reward, stderr
1.0	-6.362416184006526	3.458795891185594
3.0	-7.936149885015458	3.0011587619871705
7.0	-10.234830520671148	1.682130961111799
19.0	-10.851424687804558	1.978856864024589
50.0	-5.353849678722969	2.3908182946156855
