particles, reward, stderr
1.0	-11.880939330714005	0.9493422211151408
50.0	-10.931597109598865	1.1627020165062685
